gbest_fitness,mean_fitness,std_fitness,gbest_fitness_change,sum_dist_center,sum_dist_gbest,not_updata_count,iter_time,action
0.9671582579612732,1.0,0.9457557201385498,0.0,0.3957950472831726,0.4061615765094757,0.0,0.0,0.0801628977060318
0.9695009589195251,1.0,0.9449639320373535,0.0,0.39689868688583374,0.40676674246788025,1.0,0.0033333334140479565,0.06809423863887787
0.9729700684547424,1.0,0.9469391703605652,0.0,0.3980909585952759,0.40746524930000305,2.0,0.006666666828095913,0.05190354958176613
0.9380484819412231,1.0,0.9051422476768494,0.8801013827323914,0.0,0.014559153467416763,0.0,0.009999999776482582,0.09184175729751587
0.9421471357345581,1.0,0.903303325176239,0.8839634656906128,0.0,0.014441967941820621,1.0,0.013333333656191826,0.07988505065441132
0.9452778100967407,1.0,0.9074946641921997,0.886979341506958,0.0,0.01506737805902958,2.0,0.01666666753590107,0.06286352872848511
0.9499720335006714,1.0,0.9083349704742432,0.8914689421653748,0.0,0.015298349782824516,3.0,0.019999999552965164,0.044969234615564346
0.9544886946678162,1.0,0.9030802249908447,0.8957809805870056,0.0,0.014682305045425892,4.0,0.023333333432674408,0.030523821711540222
0.9581647515296936,1.0,0.9004343748092651,0.8992846608161926,0.0,0.01437006052583456,5.0,0.02666666731238365,0.02023308537900448
0.9607779383659363,1.0,0.9041345119476318,0.9017725586891174,0.0,0.014335207641124725,6.0,0.029999999329447746,0.015095571987330914
0.963950514793396,1.0,0.9026278257369995,0.9048070907592773,0.0,0.01407525222748518,7.0,0.03333333507180214,0.011096533387899399
0.9459822773933411,1.0,0.902540922164917,0.9444270730018616,0.0,0.012297455221414566,0.0,0.036666665226221085,0.09271311014890671
0.9493370652198792,1.0,0.8956169486045837,0.9477781057357788,0.0,0.01257349457591772,1.0,0.03999999910593033,0.08102765679359436
0.9520522356033325,1.0,0.8896582126617432,0.9504903554916382,0.0,0.011800928972661495,2.0,0.04333333298563957,0.06320757418870926
0.9558546543121338,1.0,0.8938772082328796,0.9542893171310425,0.0,0.012769941240549088,3.0,0.046666666865348816,0.045403048396110535
0.9597833752632141,1.0,0.8879433870315552,0.9582134485244751,0.0,0.01335838157683611,4.0,0.05000000074505806,0.03064245916903019
0.9624346494674683,1.0,0.8858247995376587,0.96086186170578,0.0,0.013647186569869518,5.0,0.0533333346247673,0.02020183950662613
0.9655274152755737,1.0,0.8899315595626831,0.9639512300491333,0.0,0.014083796180784702,6.0,0.05666666850447655,0.014819039031863213
0.9673821926116943,1.0,0.8864606618881226,0.9658045172691345,0.0,0.01475032139569521,7.0,0.05999999865889549,0.01109704002737999
0.9707624316215515,1.0,0.8877086639404297,0.9691813588142395,0.0,0.014723149128258228,8.0,0.06333333253860474,0.007854432798922062
0.9598965048789978,1.0,0.8908764123916626,0.9853752255439758,0.0,0.01707647554576397,0.0,0.06666667014360428,0.09311102330684662
0.9639002084732056,1.0,0.8889259099960327,0.9894514083862305,0.0,0.016894306987524033,1.0,0.07000000029802322,0.08167760074138641
0.965300440788269,1.0,0.8902422785758972,0.9908807277679443,0.0,0.016494015231728554,2.0,0.07333333045244217,0.06380720436573029
0.9677370190620422,1.0,0.8860651850700378,0.9937762022018433,0.0,0.01943303272128105,0.0,0.07666666805744171,0.09320396184921265
0.9710516333580017,1.0,0.8893195390701294,0.9971320629119873,0.0,0.020641587674617767,1.0,0.07999999821186066,0.08189435303211212
0.9714583158493042,0.9994244575500488,0.8856627345085144,1.0,0.0,0.020594919100403786,0.0,0.0833333358168602,0.09332229942083359
0.9528752565383911,0.9887859225273132,0.8753030300140381,1.0,0.0,0.01402522623538971,0.0,0.08666666597127914,0.0926395133137703
0.9363840222358704,0.9817714691162109,0.871576726436615,1.0,0.0,0.014155847951769829,0.0,0.09000000357627869,0.09216096997261047
0.9364683032035828,0.9790585041046143,0.8683319091796875,1.0,0.0,0.013990398496389389,1.0,0.09333333373069763,0.08037416636943817
0.9365383982658386,0.9755314588546753,0.8660265803337097,1.0,0.0,0.013667810708284378,2.0,0.09666666388511658,0.062284111976623535
0.9256381988525391,0.9691447019577026,0.8622379899024963,1.0,0.0,0.012996269389986992,0.0,0.10000000149011612,0.0915149450302124
0.925687849521637,0.9667799472808838,0.8545872569084167,1.0,0.0,0.013271177187561989,1.0,0.10333333164453506,0.07953766733407974
0.909210741519928,0.9602041244506836,0.8503340482711792,1.0,0.0,0.010384728200733662,0.0,0.1066666692495346,0.09079468995332718
0.909347653388977,0.956138014793396,0.8480262160301208,1.0,0.0,0.010379628278315067,1.0,0.10999999940395355,0.07888872921466827
0.9095547795295715,0.9521142244338989,0.8483262658119202,1.0,0.0,0.011291394010186195,2.0,0.1133333370089531,0.0609486922621727
0.9096971750259399,0.9487742185592651,0.8439562320709229,1.0,0.0,0.012227107770740986,3.0,0.11666666716337204,0.041916459798812866
0.9045931100845337,0.9447225332260132,0.8431836366653442,1.0,0.0,0.01800631172955036,0.0,0.11999999731779099,0.09021687507629395
0.9046847820281982,0.9426729679107666,0.8436004519462585,1.0,0.0,0.018135450780391693,1.0,0.12333333492279053,0.07838967442512512
0.9023431539535522,0.9399311542510986,0.8417244553565979,1.0,0.0,0.013880080543458462,0.0,0.12666666507720947,0.09006509184837341
0.8909692168235779,0.9335527420043945,0.8349468111991882,1.0,0.0,0.016979454085230827,0.0,0.12999999523162842,0.08957582712173462
0.8910492062568665,0.9307650327682495,0.8316652774810791,1.0,0.0,0.017009299248456955,1.0,0.13333334028720856,0.07756198942661285
0.890633761882782,0.9276688694953918,0.8270412683486938,1.0,0.0,0.016111545264720917,0.0,0.1366666704416275,0.08926104009151459
0.8827173709869385,0.9241518378257751,0.8272913098335266,1.0,0.0,0.014703542925417423,0.0,0.14000000059604645,0.08907431364059448
0.8829017281532288,0.9209972023963928,0.8226978778839111,1.0,0.0,0.01507234200835228,1.0,0.1433333307504654,0.07694917172193527
0.8722416162490845,0.9177014827728271,0.8202458620071411,1.0,0.0,0.017612043768167496,0.0,0.14666666090488434,0.08858094364404678
0.8681412935256958,0.914375901222229,0.8112865686416626,1.0,0.0,0.01866629160940647,0.0,0.15000000596046448,0.08822073042392731
0.8683480024337769,0.9122189879417419,0.8090551495552063,1.0,0.0,0.01832009106874466,1.0,0.15333333611488342,0.07601093500852585
0.8685356378555298,0.9091518521308899,0.8097136616706848,1.0,0.0,0.018338587135076523,2.0,0.15666666626930237,0.05816306546330452
0.8687389492988586,0.9063289165496826,0.8092900514602661,1.0,0.0,0.017842134460806847,3.0,0.1599999964237213,0.03907918557524681
0.8688679933547974,0.9042041897773743,0.8101289868354797,1.0,0.0,0.018000423908233643,4.0,0.16333332657814026,0.026017002761363983
0.8565233945846558,0.8994147181510925,0.8067702651023865,1.0,0.0,0.012980593368411064,0.0,0.1666666716337204,0.08765102922916412
0.8568302392959595,0.8960745930671692,0.7970570921897888,1.0,0.0,0.01378355361521244,1.0,0.17000000178813934,0.07509072124958038
0.8570113778114319,0.8935537338256836,0.790495753288269,1.0,0.0,0.014665206894278526,2.0,0.1733333319425583,0.05710243061184883
0.8571378588676453,0.8911938071250916,0.7865035533905029,1.0,0.0,0.014394654892385006,3.0,0.17666666209697723,0.03796723484992981
0.8558153510093689,0.8882253766059875,0.7801847457885742,1.0,0.0,0.014538525603711605,0.0,0.18000000715255737,0.08681269735097885
0.8561026453971863,0.8857001662254333,0.7737818956375122,1.0,0.0,0.014924056828022003,1.0,0.18333333730697632,0.07408681511878967
0.856186032295227,0.8836265802383423,0.7716814875602722,1.0,0.0,0.015311021357774734,2.0,0.18666666746139526,0.05622848868370056
0.8407502174377441,0.8805719017982483,0.7720957398414612,1.0,0.0,0.012315408326685429,0.0,0.1899999976158142,0.08622513711452484
0.8408188223838806,0.8787431716918945,0.7699065208435059,1.0,0.0,0.012345893308520317,1.0,0.19333332777023315,0.07351787388324738
0.8363111019134521,0.8764691948890686,0.7720556855201721,1.0,0.0,0.011227640323340893,0.0,0.1966666728258133,0.08608056604862213
0.8364207744598389,0.8747276067733765,0.7683279514312744,1.0,0.0,0.011161357164382935,1.0,0.20000000298023224,0.07329882681369781
0.8359914422035217,0.8722902536392212,0.7666543126106262,1.0,0.0,0.00964961014688015,0.0,0.20333333313465118,0.08590124547481537
0.8362220525741577,0.8694412112236023,0.7676376104354858,1.0,0.0,0.011050970293581486,1.0,0.20666666328907013,0.07317722588777542
0.8289306163787842,0.8665680885314941,0.768963098526001,1.0,0.0,0.016775164753198624,0.0,0.20999999344348907,0.08567933738231659
0.8290920853614807,0.8650112748146057,0.7676752209663391,1.0,0.0,0.01809792034327984,1.0,0.2133333384990692,0.07292275875806808
0.8291422724723816,0.8613747954368591,0.7602884769439697,1.0,0.0,0.01776909828186035,2.0,0.21666666865348816,0.054775964468717575
0.829408586025238,0.8599404692649841,0.7585669755935669,1.0,0.0,0.018934454768896103,3.0,0.2199999988079071,0.03617571294307709
0.8285115957260132,0.857496440410614,0.7575091123580933,1.0,0.0,0.015016271732747555,0.0,0.22333332896232605,0.085292749106884
0.8287021517753601,0.8550713658332825,0.7564838528633118,1.0,0.0,0.01534621324390173,1.0,0.2266666740179062,0.07238976657390594
0.794067919254303,0.8506413698196411,0.7527711987495422,1.0,0.0,0.011924809776246548,0.0,0.23000000417232513,0.08436782658100128
0.7940784096717834,0.8485831022262573,0.7483815550804138,1.0,0.0,0.012926374562084675,1.0,0.23333333432674408,0.07130014151334763
0.7943494915962219,0.8465403914451599,0.7465915083885193,1.0,0.0,0.013606103137135506,2.0,0.23666666448116302,0.05339283496141434
0.7945600748062134,0.8440191745758057,0.7467511892318726,1.0,0.0,0.013127361424267292,3.0,0.23999999463558197,0.03507349267601967
0.7946827411651611,0.8415486216545105,0.742033064365387,1.0,0.0,0.013773655518889427,4.0,0.2433333396911621,0.0224726852029562
0.794897735118866,0.8403054475784302,0.7425445318222046,1.0,0.0,0.013423335738480091,5.0,0.24666666984558105,0.014748445712029934
0.7951309084892273,0.8377214074134827,0.743520200252533,1.0,0.0,0.014261046424508095,6.0,0.25,0.011784056201577187
0.7786591649055481,0.8337154388427734,0.7422435879707336,1.0,0.0,0.007175043225288391,0.0,0.25333333015441895,0.08354541659355164
0.7788702249526978,0.8309136033058167,0.7325714230537415,1.0,0.0,0.007456221617758274,1.0,0.2566666603088379,0.07017473876476288
0.7785552144050598,0.8282392621040344,0.7325193285942078,1.0,0.0,0.013239957392215729,0.0,0.25999999046325684,0.08327478170394897
0.7787113785743713,0.8263648748397827,0.7333232164382935,1.0,0.0,0.012965197674930096,1.0,0.2633333206176758,0.07010038197040558
0.7789656519889832,0.8236728310585022,0.7296397089958191,1.0,0.0,0.013504358008503914,2.0,0.2666666805744171,0.05195331573486328
0.7654037475585938,0.8212574124336243,0.731246829032898,1.0,0.0,0.006464737001806498,0.0,0.27000001072883606,0.08282151818275452
0.7658785581588745,0.8194670677185059,0.7294350862503052,1.0,0.0,0.006494932807981968,1.0,0.273333340883255,0.06961721181869507
0.7660769820213318,0.8164764642715454,0.7254973649978638,1.0,0.0,0.006472574081271887,2.0,0.27666667103767395,0.05145803838968277
0.7666382789611816,0.8132340312004089,0.7249358296394348,1.0,0.0,0.0069040036760270596,3.0,0.2800000011920929,0.03348405286669731
0.7669897675514221,0.8111774325370789,0.7227552533149719,1.0,0.0,0.007475090213119984,4.0,0.28333333134651184,0.021307408809661865
0.7672314643859863,0.8087925314903259,0.7157271504402161,1.0,0.0,0.008037163875997066,5.0,0.2866666615009308,0.014124795794487
0.7677093744277954,0.8059563636779785,0.7117423415184021,1.0,0.0,0.008763239718973637,6.0,0.28999999165534973,0.011337283067405224
0.7678991556167603,0.804133951663971,0.7120131254196167,1.0,0.0,0.008622794412076473,7.0,0.2933333218097687,0.008478565141558647
0.7621920704841614,0.8017359972000122,0.7019360661506653,1.0,0.0,0.011052529327571392,0.0,0.2966666519641876,0.08191907405853271
0.7627803683280945,0.7995659708976746,0.6992195248603821,1.0,0.0,0.011626143008470535,1.0,0.30000001192092896,0.06828837096691132
0.760822057723999,0.7960702180862427,0.6970138549804688,1.0,0.0,0.008180796168744564,0.0,0.3033333420753479,0.08174192160367966
0.7609555721282959,0.793725848197937,0.698112428188324,1.0,0.0,0.008597664535045624,1.0,0.30666667222976685,0.06812329590320587
0.7612536549568176,0.7916856408119202,0.6965031027793884,1.0,0.0,0.008863674476742744,2.0,0.3100000023841858,0.04973043128848076
0.7611841559410095,0.789420485496521,0.6969146728515625,1.0,0.0,0.009006986394524574,0.0,0.31333333253860474,0.08166868984699249
0.7610393762588501,0.7868843078613281,0.695810854434967,1.0,0.0,0.00976647064089775,0.0,0.3166666626930237,0.08161359280347824
0.7567192912101746,0.7844128012657166,0.693615734577179,1.0,0.0,0.015377478674054146,0.0,0.3199999928474426,0.081433966755867
0.7445046305656433,0.7816668748855591,0.6949365139007568,1.0,0.0,0.014328304678201675,0.0,0.3233333230018616,0.08116650581359863
0.7447118163108826,0.7798913717269897,0.6935802698135376,1.0,0.0,0.014572705142199993,1.0,0.3266666531562805,0.06734152883291245
0.74367755651474,0.7764317393302917,0.6866565942764282,1.0,0.0,0.012123066000640392,0.0,0.33000001311302185,0.08095000684261322
0.743729293346405,0.7746078968048096,0.6836042404174805,1.0,0.0,0.012854850850999355,1.0,0.3333333432674408,0.06694815307855606
0.7403311729431152,0.771979808807373,0.6781042218208313,1.0,0.0,0.010461883619427681,0.0,0.33666667342185974,0.08068114519119263
0.7396671175956726,0.7698357105255127,0.6806876063346863,1.0,0.0,0.01990692690014839,0.0,0.3400000035762787,0.0806889533996582
0.7346742749214172,0.7667794227600098,0.6739607453346252,1.0,0.0,0.009987669065594673,0.0,0.34333333373069763,0.08041780441999435
0.7286574244499207,0.7644283771514893,0.6705744862556458,1.0,0.0,0.012438393197953701,0.0,0.3466666638851166,0.08019544929265976
0.724362313747406,0.7625455856323242,0.6695866584777832,1.0,0.0,0.01131717674434185,0.0,0.3499999940395355,0.08005483448505402
0.7249904274940491,0.7604801654815674,0.6656270027160645,1.0,0.0,0.0121487807482481,1.0,0.35333332419395447,0.06573954224586487
0.7208237051963806,0.7573338150978088,0.6610819101333618,1.0,0.0,0.0163721963763237,0.0,0.3566666543483734,0.07975053787231445
0.7163527011871338,0.7538340091705322,0.6579508185386658,1.0,0.0,0.014876669272780418,0.0,0.36000001430511475,0.07954517751932144
0.7169564962387085,0.7522919178009033,0.6569742560386658,1.0,0.0,0.015511561185121536,1.0,0.3633333444595337,0.06514432281255722
0.7174204587936401,0.7504565715789795,0.6569840312004089,1.0,0.0,0.016329534351825714,2.0,0.36666667461395264,0.0466582253575325
0.7001913785934448,0.7482000589370728,0.6541483998298645,1.0,0.0,0.01037476398050785,0.0,0.3700000047683716,0.07906583696603775
0.7007440328598022,0.7458965182304382,0.6486482620239258,1.0,0.0,0.01088203676044941,1.0,0.3733333349227905,0.06442928314208984
0.701028048992157,0.7436568737030029,0.6490573883056641,1.0,0.0,0.010435940697789192,2.0,0.3766666650772095,0.04601716250181198
0.7020447850227356,0.7415653467178345,0.6508936882019043,1.0,0.0,0.011313991621136665,3.0,0.3799999952316284,0.029457852244377136
0.699613630771637,0.7391376495361328,0.6510246992111206,1.0,0.0,0.007660524919629097,0.0,0.38333332538604736,0.07887651026248932
0.700198233127594,0.7371437549591064,0.6445963382720947,1.0,0.0,0.00792656745761633,1.0,0.3866666555404663,0.06416194140911102
0.6913444399833679,0.7349262237548828,0.648335337638855,1.0,0.0,0.008147899992763996,0.0,0.38999998569488525,0.07862626761198044
0.6919369101524353,0.7323461174964905,0.6448869705200195,1.0,0.0,0.008517913520336151,1.0,0.3933333456516266,0.0639178603887558
0.692268967628479,0.7295624613761902,0.6365703344345093,1.0,0.0,0.008291746489703655,2.0,0.39666667580604553,0.0451987162232399
0.6923908591270447,0.7270330190658569,0.6321359276771545,1.0,0.0,0.008513721637427807,3.0,0.4000000059604645,0.0286867655813694
0.674639105796814,0.7246868014335632,0.6321020126342773,1.0,0.0,0.01097126118838787,0.0,0.4033333361148834,0.07790891826152802
0.6755074858665466,0.722743034362793,0.6321858763694763,1.0,0.0,0.01184578612446785,1.0,0.40666666626930237,0.06303007900714874
0.6762082576751709,0.7205563187599182,0.6306814551353455,1.0,0.0,0.012360389344394207,2.0,0.4099999964237213,0.04452500492334366
0.676540732383728,0.718662440776825,0.6256962418556213,1.0,0.0,0.012615158222615719,0.0,0.41333332657814026,0.07773105800151825
0.675115704536438,0.7169609665870667,0.627565324306488,1.0,0.0,0.012767056934535503,0.0,0.4166666567325592,0.07771221548318863
0.6754317879676819,0.7139564156532288,0.6257601380348206,1.0,0.0,0.013429710641503334,1.0,0.41999998688697815,0.06265059858560562
0.674420177936554,0.7113779783248901,0.6278085708618164,1.0,0.0,0.019392115995287895,0.0,0.4233333468437195,0.07762203365564346
0.674768328666687,0.7094636559486389,0.6257146596908569,1.0,0.0,0.019082238897681236,1.0,0.4266666769981384,0.06249977648258209
0.6749610304832458,0.7062870264053345,0.6205815672874451,1.0,0.0,0.019338075071573257,2.0,0.4300000071525574,0.0438760444521904
0.6705726981163025,0.7032048106193542,0.6145450472831726,1.0,0.0,0.00874420814216137,0.0,0.4333333373069763,0.07708745449781418
0.671071469783783,0.700164794921875,0.6125031113624573,1.0,0.0,0.009509925730526447,1.0,0.43666666746139526,0.061883434653282166
0.6609189510345459,0.6981160640716553,0.6118358969688416,1.0,0.0,0.010910967364907265,0.0,0.4399999976158142,0.07676561176776886
0.6616782546043396,0.6953884959220886,0.6086116433143616,1.0,0.0,0.011597791686654091,1.0,0.44333332777023315,0.0614476352930069
0.6607422232627869,0.6928055882453918,0.6079509854316711,1.0,0.0,0.011351010762155056,0.0,0.4466666579246521,0.07659123837947845
0.6526945233345032,0.6884876489639282,0.604049801826477,1.0,0.0,0.011049555614590645,0.0,0.44999998807907104,0.07628214359283447
0.6431269645690918,0.6844849586486816,0.6004129648208618,1.0,0.0,0.01953211799263954,0.0,0.4533333480358124,0.0759972631931305
0.6360021829605103,0.6817923784255981,0.6009186506271362,1.0,0.0,0.005262502934783697,0.0,0.4566666781902313,0.07573167234659195
0.6361342668533325,0.6789355874061584,0.5972853899002075,1.0,0.0,0.005201555322855711,1.0,0.46000000834465027,0.06026304140686989
0.6366815567016602,0.6773535013198853,0.5913571715354919,1.0,0.0,0.005057739559561014,2.0,0.4633333384990692,0.04211616516113281
0.6367033123970032,0.6745506525039673,0.5879159569740295,1.0,0.0,0.005297196563333273,3.0,0.46666666865348816,0.026323381811380386
0.6221378445625305,0.6725308895111084,0.5829278826713562,1.0,0.0,0.019406521692872047,0.0,0.4699999988079071,0.07496555149555206
0.6225327849388123,0.6688803434371948,0.5791391730308533,1.0,0.0,0.01970600336790085,1.0,0.47333332896232605,0.05927655100822449
0.6230010986328125,0.6674686074256897,0.5817098021507263,1.0,0.0,0.021356942132115364,2.0,0.476666659116745,0.04139021411538124
0.6170665621757507,0.6654312610626221,0.5797703266143799,1.0,0.0,0.02156376838684082,0.0,0.47999998927116394,0.0746648758649826
0.6177949905395508,0.6638371348381042,0.5793922543525696,1.0,0.0,0.021073944866657257,1.0,0.4833333194255829,0.0590539425611496
0.6181448698043823,0.6613527536392212,0.5782267451286316,1.0,0.0,0.02163955383002758,2.0,0.4866666793823242,0.04114343971014023
0.6155668497085571,0.6589564085006714,0.5765541195869446,1.0,0.0,0.02392766997218132,0.0,0.49000000953674316,0.07446139305830002
0.615648627281189,0.6565425992012024,0.5735675096511841,1.0,0.0,0.0214699637144804,1.0,0.4933333396911621,0.05871226266026497
0.6157382130622864,0.6540929079055786,0.5705217123031616,1.0,0.0,0.01774541847407818,0.0,0.49666666984558105,0.07421758770942688
0.6166905164718628,0.6531451344490051,0.5712891817092896,1.0,0.0,0.01986287720501423,1.0,0.5,0.058602627366781235
0.6172845363616943,0.6498928666114807,0.5660847425460815,1.0,0.0,0.019482208415865898,2.0,0.503333330154419,0.040656451135873795
0.6080849766731262,0.6469019055366516,0.5653417706489563,1.0,0.0,0.006855628918856382,0.0,0.5066666603088379,0.07373590022325516
0.6093689203262329,0.6453095078468323,0.5604203343391418,1.0,0.0,0.007597110699862242,1.0,0.5099999904632568,0.058041684329509735
0.6041882634162903,0.6435649991035461,0.5571808218955994,1.0,0.0,0.01715083420276642,0.0,0.5133333206176758,0.0734153687953949
0.6020644903182983,0.6409808993339539,0.5560424327850342,1.0,0.0,0.00906179565936327,0.0,0.5166666507720947,0.07325416803359985
0.599704921245575,0.6390385031700134,0.547784149646759,1.0,0.0,0.018749818205833435,0.0,0.5199999809265137,0.07296949625015259
0.5998523235321045,0.6355946660041809,0.5488205552101135,1.0,0.0,0.018996214494109154,1.0,0.5233333110809326,0.05729407072067261
0.5713101029396057,0.6323198676109314,0.5473438501358032,1.0,0.0,0.008661489002406597,0.0,0.5266666412353516,0.07223503291606903
0.5713890790939331,0.6302506923675537,0.5461114048957825,1.0,0.0,0.009298418648540974,1.0,0.5299999713897705,0.05653844028711319
0.5718672871589661,0.6288509368896484,0.5443500280380249,1.0,0.0,0.009432054124772549,2.0,0.5333333611488342,0.03917096555233002
0.5725809931755066,0.6260482668876648,0.5444408655166626,1.0,0.0,0.009049280546605587,3.0,0.5366666913032532,0.024333063513040543
0.5685848593711853,0.623846709728241,0.5421574711799622,1.0,0.0,0.010648827999830246,0.0,0.5400000214576721,0.07186328619718552
0.568682074546814,0.6211618781089783,0.5409414768218994,1.0,0.0,0.011203492991626263,1.0,0.5433333516120911,0.05614239722490311
0.5686805844306946,0.6176668405532837,0.5388736128807068,1.0,0.0,0.012544854544103146,2.0,0.54666668176651,0.0387849286198616
0.5694918632507324,0.6152832508087158,0.5412026047706604,1.0,0.0,0.013419056311249733,3.0,0.550000011920929,0.02418791502714157
0.568885087966919,0.6133503913879395,0.5406384468078613,1.0,0.0,0.014025801792740822,0.0,0.5533333420753479,0.07161001116037369
0.5693373680114746,0.6107994318008423,0.5381394624710083,1.0,0.0,0.014931411482393742,1.0,0.5566666722297668,0.055844806134700775
0.5706284642219543,0.6090521216392517,0.5377981662750244,1.0,0.0,0.014507883228361607,2.0,0.5600000023841858,0.038731325417757034
0.5709753036499023,0.6066630482673645,0.533790647983551,1.0,0.0,0.01347065158188343,3.0,0.5633333325386047,0.024053139612078667
0.5647165179252625,0.6043947339057922,0.5242455005645752,1.0,0.0,0.007945430465042591,0.0,0.5666666626930237,0.07087571918964386
0.5659337043762207,0.6029948592185974,0.5256776213645935,1.0,0.0,0.009182551875710487,1.0,0.5699999928474426,0.05536353588104248
0.5659942626953125,0.600180983543396,0.5226535201072693,1.0,0.0,0.008837795816361904,2.0,0.5733333230018616,0.038270123302936554
0.5590972304344177,0.5964704155921936,0.5174278616905212,1.0,0.0,0.010736173950135708,0.0,0.5766666531562805,0.07041284441947937
0.5562558770179749,0.5934984087944031,0.5188552737236023,1.0,0.0,0.010670696385204792,0.0,0.5799999833106995,0.07033159583806992
0.5565534830093384,0.5914274454116821,0.512471079826355,1.0,0.0,0.010848602280020714,1.0,0.5833333134651184,0.05460089445114136
0.5562115907669067,0.5895249843597412,0.5125473737716675,1.0,0.0,0.010188261978328228,2.0,0.5866666436195374,0.03773293271660805
0.5562036633491516,0.5868197083473206,0.5111014246940613,1.0,0.0,0.009778282605111599,3.0,0.5899999737739563,0.02341591566801071
0.5545400977134705,0.5835812091827393,0.5059000253677368,1.0,0.0,0.037769615650177,0.0,0.5933333039283752,0.06977242976427078
0.5548378825187683,0.5811086297035217,0.4981457591056824,1.0,0.0,0.03669998049736023,1.0,0.596666693687439,0.05388841778039932
0.5503741502761841,0.5798218846321106,0.4998133182525635,1.0,0.0,0.007374444976449013,0.0,0.6000000238418579,0.06937455385923386
0.551430881023407,0.5779539346694946,0.49189287424087524,1.0,0.0,0.007371906191110611,1.0,0.6033333539962769,0.053669001907110214
0.5523557662963867,0.5764519572257996,0.486240953207016,1.0,0.0,0.007086376193910837,2.0,0.6066666841506958,0.03691819682717323
0.5459367632865906,0.5751307010650635,0.4888715445995331,1.0,0.0,0.010217413306236267,0.0,0.6100000143051147,0.06887596845626831
0.5460503101348877,0.5731597542762756,0.4871352016925812,1.0,0.0,0.018639741465449333,0.0,0.6133333444595337,0.06879359483718872
0.5456640720367432,0.5699952840805054,0.4848422110080719,1.0,0.0,0.01655150018632412,0.0,0.6166666746139526,0.06866095215082169
0.5267529487609863,0.5681368708610535,0.4858900010585785,1.0,0.0,0.04445299133658409,0.0,0.6200000047683716,0.06828978657722473
0.5271350741386414,0.5665374994277954,0.4847700893878937,1.0,0.0,0.04569270461797714,1.0,0.6233333349227905,0.0525355339050293
0.5271967053413391,0.5643532276153564,0.48415234684944153,1.0,0.0,0.0465211421251297,2.0,0.6266666650772095,0.03625700622797012
0.5264283418655396,0.5625742077827454,0.4799492359161377,1.0,0.0,0.0478675477206707,0.0,0.6299999952316284,0.06805422902107239
0.5264172554016113,0.5611194372177124,0.47957372665405273,1.0,0.0,0.046888019889593124,1.0,0.6333333253860474,0.05226016044616699
0.5257798433303833,0.5595105290412903,0.4733196198940277,1.0,0.0,0.048716433346271515,0.0,0.6366666555404663,0.06782539188861847
0.5258011817932129,0.5577419400215149,0.4688293933868408,1.0,0.0,0.04921255260705948,1.0,0.6399999856948853,0.051902711391448975
0.5257267355918884,0.5558332204818726,0.4691459536552429,1.0,0.0,0.049167513847351074,2.0,0.6433333158493042,0.03585990145802498
0.5258969664573669,0.5537570714950562,0.46830084919929504,1.0,0.0,0.0488201305270195,3.0,0.6466666460037231,0.022071080282330513
0.5133423209190369,0.5512332916259766,0.47043129801750183,1.0,0.0,0.02924354560673237,0.0,0.6499999761581421,0.06727437674999237
0.5127480626106262,0.5486018657684326,0.4674905240535736,1.0,0.0,0.02766605280339718,1.0,0.653333306312561,0.05143321305513382
0.5130680203437805,0.5466601252555847,0.46886447072029114,1.0,0.0,0.02829151228070259,2.0,0.6566666960716248,0.03560680150985718
0.5140091180801392,0.5447676777839661,0.4646259546279907,1.0,0.0,0.029730308800935745,3.0,0.6600000262260437,0.021828239783644676
0.5068575739860535,0.5428317189216614,0.4617935121059418,1.0,0.0,0.028413893654942513,0.0,0.6633333563804626,0.06676696240901947
0.5044841170310974,0.5410860180854797,0.4589543640613556,1.0,0.0,0.02768346108496189,0.0,0.6666666865348816,0.06661036610603333
0.5047035217285156,0.5393796563148499,0.4581844210624695,1.0,0.0,0.028459344059228897,1.0,0.6700000166893005,0.05077914893627167
0.5038542747497559,0.5359493494033813,0.45398402214050293,1.0,0.0,0.025256182998418808,2.0,0.6733333468437195,0.035076867789030075
0.5039095282554626,0.5335695743560791,0.45350560545921326,1.0,0.0,0.025130365043878555,3.0,0.6766666769981384,0.021405432373285294
0.5027003884315491,0.5319041609764099,0.450996458530426,1.0,0.0,0.01451069675385952,0.0,0.6800000071525574,0.06617549061775208
0.4971434473991394,0.5296177268028259,0.4499872326850891,1.0,0.0,0.013871723785996437,0.0,0.6833333373069763,0.06597843021154404
0.4967198371887207,0.5273197293281555,0.44993939995765686,1.0,0.0,0.013371183536946774,1.0,0.6866666674613953,0.05024199187755585
0.49626627564430237,0.5247969627380371,0.44631409645080566,1.0,0.0,0.014639320783317089,2.0,0.6899999976158142,0.034733451902866364
0.47993287444114685,0.5222089290618896,0.43902119994163513,1.0,0.0,0.006018347572535276,0.0,0.6933333277702332,0.06518322974443436
0.47987112402915955,0.5206995606422424,0.43839240074157715,1.0,0.0,0.006206371355801821,1.0,0.6966666579246521,0.04956299811601639
0.47943878173828125,0.5184282660484314,0.4361494183540344,1.0,0.0,0.00628832308575511,2.0,0.699999988079071,0.034191399812698364
0.4807571470737457,0.5181401968002319,0.4319840669631958,1.0,0.0,0.006819247268140316,3.0,0.70333331823349,0.020628517493605614
0.48117169737815857,0.5169872045516968,0.4307752251625061,1.0,0.0,0.007036177907139063,4.0,0.7066666483879089,0.012055877596139908
0.47567322850227356,0.5158642530441284,0.42907509207725525,1.0,0.0,0.007098819594830275,0.0,0.7099999785423279,0.06471262872219086
0.4760560989379883,0.5142379403114319,0.4268849790096283,1.0,0.0,0.0071853045374155045,1.0,0.7133333086967468,0.04902090132236481
0.47388309240341187,0.5120954513549805,0.4255370795726776,1.0,0.0,0.013614472933113575,0.0,0.7166666388511658,0.064524345099926
0.4730973541736603,0.5088092088699341,0.42606568336486816,1.0,0.0,0.013950253836810589,1.0,0.7200000286102295,0.04879681393504143
0.47345802187919617,0.5069422721862793,0.4255123734474182,1.0,0.0,0.014865541830658913,2.0,0.7233333587646484,0.03380121290683746
0.4735770523548126,0.5045828819274902,0.42572060227394104,1.0,0.0,0.014565191231667995,3.0,0.7266666889190674,0.020282384008169174
0.47162723541259766,0.5028092265129089,0.42374029755592346,1.0,0.0,0.014157429337501526,0.0,0.7300000190734863,0.064231738448143
0.4732542932033539,0.5020126700401306,0.4219905734062195,1.0,0.0,0.0158330537378788,1.0,0.7333333492279053,0.04852442443370819
0.4572443962097168,0.5005427002906799,0.42334243655204773,1.0,0.0,0.004881431348621845,0.0,0.7366666793823242,0.06380447745323181
0.45754337310791016,0.4994020164012909,0.422031432390213,1.0,0.0,0.00492956442758441,1.0,0.7400000095367432,0.04821820557117462
0.4568559229373932,0.4963618218898773,0.4190880358219147,1.0,0.0,0.005889798980206251,2.0,0.7433333396911621,0.03327681124210358
0.45454350113868713,0.49473026394844055,0.4179026484489441,1.0,0.0,0.006899592000991106,0.0,0.746666669845581,0.06349380314350128
0.45467227697372437,0.4934977889060974,0.41690871119499207,1.0,0.0,0.006608330179005861,1.0,0.75,0.047915153205394745
0.454262375831604,0.49043476581573486,0.41287147998809814,1.0,0.0,0.006158015225082636,2.0,0.753333330154419,0.03304889053106308
0.4504089653491974,0.4875836968421936,0.4093104600906372,1.0,0.0,0.004959042649716139,0.0,0.7566666603088379,0.0630614161491394
0.4372233748435974,0.4847583770751953,0.4056418538093567,1.0,0.0,0.0052202437072992325,0.0,0.7599999904632568,0.06259062886238098
0.43749362230300903,0.48340845108032227,0.40587812662124634,1.0,0.0,0.004830176010727882,1.0,0.7633333206176758,0.04718678444623947
0.4358101189136505,0.48016712069511414,0.4048369526863098,1.0,0.0,0.004486455116420984,2.0,0.7666666507720947,0.03243298456072807
0.4330289363861084,0.47778257727622986,0.4016939103603363,1.0,0.0,0.00445594685152173,0.0,0.7699999809265137,0.06224467232823372
0.4320143759250641,0.47542324662208557,0.3993717133998871,1.0,0.0,0.0033828795421868563,1.0,0.7733333110809326,0.046740978956222534
0.4277799129486084,0.4729384779930115,0.3968316912651062,1.0,0.0,0.0025368882343173027,0.0,0.7766666412353516,0.06191064789891243
0.42848262190818787,0.4719671905040741,0.3971821665763855,1.0,0.0,0.002600620733574033,1.0,0.7799999713897705,0.04652925208210945
0.4281826317310333,0.469941645860672,0.39391592144966125,1.0,0.0,0.002467735204845667,2.0,0.7833333611488342,0.03203529492020607
0.4285232126712799,0.4696461260318756,0.3943645656108856,1.0,0.0,0.0024119392037391663,3.0,0.7866666913032532,0.018863767385482788
0.42688170075416565,0.46935054659843445,0.3945810794830322,1.0,0.0,0.002614879049360752,0.0,0.7900000214576721,0.06171661987900734
0.4273100197315216,0.4674637019634247,0.39695632457733154,1.0,0.0,0.007951799780130386,0.0,0.7933333516120911,0.06173979490995407
0.41630229353904724,0.4648338556289673,0.3969413638114929,1.0,0.0,0.0034720918629318476,0.0,0.79666668176651,0.06136804819107056
0.4158116281032562,0.4626521170139313,0.39441078901290894,1.0,0.0,0.003245085012167692,1.0,0.800000011920929,0.045942794531583786
0.41629278659820557,0.4611947536468506,0.3932081460952759,1.0,0.0,0.004343738313764334,2.0,0.8033333420753479,0.031713709235191345
0.4191899001598358,0.46159663796424866,0.39414894580841064,1.0,0.0,0.0055251531302928925,3.0,0.8066666722297668,0.018589504063129425
0.4191467761993408,0.45979952812194824,0.393537312746048,1.0,0.0,0.005053135100752115,4.0,0.8100000023841858,0.010825589299201965
0.41937413811683655,0.45833560824394226,0.38915953040122986,1.0,0.0,0.004623541608452797,5.0,0.8133333325386047,0.0077913543209433556
0.4203706681728363,0.4574891924858093,0.3885262906551361,1.0,0.0,0.005476740188896656,6.0,0.8166666626930237,0.005291536450386047
0.4123670160770416,0.4554794728755951,0.38787421584129333,1.0,0.0,0.003126756986603141,0.0,0.8199999928474426,0.06087201088666916
0.41330528259277344,0.4549623727798462,0.38885509967803955,1.0,0.0,0.0029189707711338997,1.0,0.8233333230018616,0.045492805540561676
0.4144236147403717,0.4541606605052948,0.3893555998802185,1.0,0.0,0.0026326279621571302,2.0,0.8266666531562805,0.031575869768857956
0.4154896140098572,0.4538206458091736,0.3881497085094452,1.0,0.0,0.002699559787288308,3.0,0.8299999833106995,0.01830475591123104
0.41711461544036865,0.45293930172920227,0.38632336258888245,1.0,0.0,0.004063952714204788,4.0,0.8333333134651184,0.010700756683945656
0.4161206781864166,0.4499494731426239,0.38140231370925903,1.0,0.0,0.003225217340514064,5.0,0.8366666436195374,0.007653423584997654
0.4032913148403168,0.4490455687046051,0.38084185123443604,1.0,0.0,0.008243082091212273,0.0,0.8399999737739563,0.06040004640817642
0.4023216962814331,0.4460308253765106,0.37731480598449707,1.0,0.0,0.00856911763548851,1.0,0.8433333039283752,0.04469623789191246
0.4035930335521698,0.44563254714012146,0.37839969992637634,1.0,0.0,0.008939207531511784,2.0,0.846666693687439,0.031104452908039093
0.4065159857273102,0.44690653681755066,0.3774191737174988,1.0,0.0,0.010266869328916073,3.0,0.8500000238418579,0.017909953370690346
0.40865567326545715,0.44647207856178284,0.37210172414779663,1.0,0.0,0.009923006407916546,4.0,0.8533333539962769,0.010518403723835945
0.40501904487609863,0.44621220231056213,0.3751356303691864,1.0,0.0,0.010113383643329144,0.0,0.8566666841506958,0.060350172221660614
0.4055648446083069,0.4448912739753723,0.37666448950767517,1.0,0.0,0.010214539244771004,1.0,0.8600000143051147,0.04465968906879425
0.40602654218673706,0.442973256111145,0.3731313645839691,1.0,0.0,0.009757084771990776,2.0,0.8633333444595337,0.0310573261231184
0.4056306779384613,0.44276201725006104,0.37575671076774597,1.0,0.0,0.005074949469417334,0.0,0.8666666746139526,0.06035719811916351
0.40361037850379944,0.44308149814605713,0.3767290413379669,1.0,0.0,0.016766613349318504,0.0,0.8700000047683716,0.06033030152320862
0.40533339977264404,0.44310981035232544,0.37571650743484497,1.0,0.0,0.01753174141049385,1.0,0.8733333349227905,0.04451850429177284
0.4053860306739807,0.4417180120944977,0.3765804171562195,1.0,0.0,0.018501361832022667,2.0,0.8766666650772095,0.031109996140003204
0.4047936797142029,0.43923139572143555,0.37369829416275024,1.0,0.0,0.021082142367959023,3.0,0.8799999952316284,0.017730236053466797
0.405487060546875,0.4362316131591797,0.37551453709602356,1.0,0.0,0.007804864086210728,0.0,0.8833333253860474,0.06031660735607147
0.40736642479896545,0.43568676710128784,0.3687700033187866,1.0,0.0,0.007989692501723766,1.0,0.8866666555404663,0.04427064582705498
0.40093207359313965,0.43360477685928345,0.36844420433044434,1.0,0.0,0.008519296534359455,0.0,0.8899999856948853,0.060039445757865906
0.3952230215072632,0.4297403395175934,0.3649739623069763,1.0,0.0,0.007178300991654396,0.0,0.8933333158493042,0.059778034687042236
0.3911905586719513,0.427403062582016,0.36140894889831543,1.0,0.0,0.006986421067267656,0.0,0.8966666460037231,0.05957919359207153
0.39018136262893677,0.42405709624290466,0.3597695231437683,1.0,0.0,0.005956246983259916,1.0,0.8999999761581421,0.04347250610589981
0.3901999592781067,0.4225505590438843,0.35915863513946533,1.0,0.0,0.005506868474185467,2.0,0.903333306312561,0.030308376997709274
0.383216917514801,0.4213145673274994,0.35967543721199036,1.0,0.0,0.031237352639436722,0.0,0.9066666960716248,0.05926746129989624
0.3835883140563965,0.4194948077201843,0.3579137921333313,1.0,0.0,0.031884077936410904,1.0,0.9100000262260437,0.043090060353279114
0.38248175382614136,0.4160802960395813,0.3555724620819092,1.0,0.0,0.030224528163671494,2.0,0.9133333563804626,0.030103903263807297
0.38345539569854736,0.41516223549842834,0.3550097346305847,1.0,0.0,0.03165729343891144,3.0,0.9166666865348816,0.016904812306165695
0.3795819878578186,0.4132094383239746,0.35263413190841675,1.0,0.0,0.006401990540325642,0.0,0.9200000166893005,0.058952126652002335
0.3655291199684143,0.4122031629085541,0.35245248675346375,1.0,0.0,5.992660953779705e-05,0.0,0.9233333468437195,0.058587610721588135
0.36793890595436096,0.4130438268184662,0.35466843843460083,1.0,0.0,0.00017786184616852552,1.0,0.9266666769981384,0.04269789159297943
0.3686363697052002,0.41071873903274536,0.34414389729499817,1.0,0.0,0.00025569534045644104,0.0,0.9300000071525574,0.05851983278989792
0.3693574070930481,0.40961408615112305,0.3429933488368988,1.0,0.0,0.00048686788068152964,1.0,0.9333333373069763,0.04235523194074631
0.37021100521087646,0.40865254402160645,0.3454592525959015,1.0,0.00019663054263219237,0.0,2.0,0.9366666674613953,0.029587872326374054
0.373460978269577,0.40974488854408264,0.34390971064567566,1.0,0.0,0.0006007190095260739,3.0,0.9399999976158142,0.016490790992975235
0.373010516166687,0.407064288854599,0.3369155824184418,1.0,0.0,7.128025026759133e-05,4.0,0.9433333277702332,0.009936058893799782
0.37057140469551086,0.4042617976665497,0.3365250527858734,1.0,0.0,0.020865729078650475,0.0,0.9466666579246521,0.05835975706577301
0.35163357853889465,0.402546763420105,0.3385898470878601,1.0,0.0006410220521502197,0.0,0.0,0.949999988079071,0.05796098709106445
0.35102957487106323,0.39995330572128296,0.3378779888153076,1.0,0.000348065746948123,0.0,1.0,0.95333331823349,0.041701916605234146
0.35274648666381836,0.39961251616477966,0.33849602937698364,1.0,0.0006112628034316003,0.0,2.0,0.9566666483879089,0.029113104566931725
0.34443268179893494,0.3983626961708069,0.3363665044307709,1.0,0.0005429574521258473,0.0,0.0,0.9599999785423279,0.057713642716407776
0.3453141748905182,0.39708125591278076,0.33306658267974854,1.0,0.0006944118649698794,0.0,1.0,0.9633333086967468,0.04140511155128479
0.3488486111164093,0.3979233503341675,0.3306654691696167,1.0,0.0005553620285354555,0.0,2.0,0.9666666388511658,0.028899934142827988
0.34895509481430054,0.39530500769615173,0.3304937779903412,1.0,0.0004915573517791927,0.0,3.0,0.9700000286102295,0.015811515972018242
0.34883806109428406,0.39254897832870483,0.32578372955322266,1.0,0.0009229928837157786,0.0,4.0,0.9733333587646484,0.009651074185967445
0.34845787286758423,0.38890159130096436,0.3184603154659271,1.0,0.0009636749164201319,0.0,5.0,0.9766666889190674,0.00652636494487524
0.35000500082969666,0.3876648247241974,0.3111618757247925,1.0,0.0011058773379772902,0.0,6.0,0.9800000190734863,0.004095606505870819
0.35172024369239807,0.38788044452667236,0.31348666548728943,1.0,0.0006359954131767154,0.0,7.0,0.9833333492279053,0.0017846282571554184
0.34485527873039246,0.38463592529296875,0.3113832175731659,1.0,0.0,0.0003011161752510816,0.0,0.9866666793823242,0.05719172954559326
0.34374287724494934,0.3812916576862335,0.3077946901321411,1.0,0.0,0.00020878789655398577,1.0,0.9900000095367432,0.04045337438583374
0.3441907465457916,0.38005247712135315,0.3084471821784973,1.0,0.0,0.00011662951146718115,2.0,0.9933333396911621,0.028339404612779617
0.34349575638771057,0.3789331018924713,0.3084150552749634,1.0,0.0,0.002933340612798929,0.0,0.996666669845581,0.05704528093338013
0.5209872126579285,0.9643477201461792,1.0,0.0,0.44966256618499756,0.46337682008743286,0.0,0.0,0.07735603302717209
0.5287758111953735,0.9448146820068359,1.0,0.0,0.4573361575603485,0.47076430916786194,1.0,0.0033333334140479565,0.061949145048856735
0.5553876757621765,0.9411117434501648,1.0,0.0,0.4807685315608978,0.49455663561820984,2.0,0.006666666828095913,0.04519050568342209
0.6048183441162109,0.9418587684631348,1.0,0.0,0.5238229632377625,0.5385709404945374,3.0,0.009999999776482582,0.03237450495362282
0.6104934811592102,0.9327599406242371,1.0,0.0,0.5294288992881775,0.5442591905593872,4.0,0.013333333656191826,0.02197165973484516
0.6308049559593201,0.9285745620727539,1.0,0.0,0.5476155281066895,0.5624933242797852,5.0,0.01666666753590107,0.018101604655385017
0.6759873628616333,0.9183598756790161,1.0,0.0,0.5871474146842957,0.6025498509407043,6.0,0.019999999552965164,0.014697881415486336
0.46497249603271484,0.8534674048423767,1.0,0.0,0.3193315863609314,0.35631829500198364,0.0,0.023333333432674408,0.07480905950069427
0.4835051894187927,0.8485819697380066,1.0,0.0,0.33206817507743835,0.37040382623672485,1.0,0.02666666731238365,0.060476042330265045
0.49229204654693604,0.8239627480506897,1.0,0.0,0.33865875005722046,0.37743669748306274,2.0,0.029999999329447746,0.04296550154685974
0.49090224504470825,0.8223016858100891,1.0,0.0,0.2356412410736084,0.28658485412597656,0.0,0.03333333507180214,0.0739835873246193
0.4912440776824951,0.8124618530273438,1.0,0.0,0.23658913373947144,0.28714433312416077,1.0,0.036666665226221085,0.06010845676064491
0.4944586157798767,0.7888123989105225,1.0,0.0,0.23887838423252106,0.2884944677352905,2.0,0.03999999910593033,0.04343314841389656
0.5203083157539368,0.7960191369056702,1.0,0.0,0.25100839138031006,0.30288490653038025,3.0,0.04333333298563957,0.028207246214151382
0.5202730298042297,0.7943559288978577,1.0,0.0,0.2512253522872925,0.30365273356437683,4.0,0.046666666865348816,0.02042004093527794
0.6329394578933716,0.8883629441261292,1.0,0.0,0.3047826290130615,0.36893537640571594,5.0,0.05000000074505806,0.017829222604632378
0.5659446716308594,0.8603829145431519,1.0,0.0,0.19073237478733063,0.25946521759033203,0.0,0.0533333346247673,0.07504688203334808
0.5658459067344666,0.8573327660560608,1.0,0.0,0.19022460281848907,0.25905030965805054,1.0,0.05666666850447655,0.06193707138299942
0.5661751627922058,0.8520680665969849,1.0,0.0,0.19017034769058228,0.258792519569397,2.0,0.05999999865889549,0.04593435674905777
0.6168166399002075,0.8897237181663513,1.0,0.0,0.20689906179904938,0.2811781167984009,3.0,0.06333333253860474,0.03197783604264259
0.6167008280754089,0.887678861618042,1.0,0.0,0.20762751996517181,0.2809723913669586,4.0,0.06666667014360428,0.021350225433707237
0.6166166663169861,0.8820902705192566,1.0,0.0,0.20571006834506989,0.2809240520000458,5.0,0.07000000029802322,0.017504699528217316
0.6166141629219055,0.8812724947929382,1.0,0.0,0.20565304160118103,0.2808583676815033,6.0,0.07333333045244217,0.013299847021698952
0.6165545582771301,0.8803904056549072,1.0,0.0,0.20636221766471863,0.2810094654560089,7.0,0.07666666805744171,0.00927405059337616
0.6165523529052734,0.8772666454315186,1.0,0.0,0.20574183762073517,0.28172510862350464,8.0,0.07999999821186066,0.005188164301216602
0.6165385246276855,0.8752632737159729,1.0,0.0,0.2047426700592041,0.28248536586761475,9.0,0.0833333358168602,0.0014876015484333038
0.6181800961494446,0.8707094788551331,1.0,0.0,0.20463943481445312,0.28179261088371277,10.0,0.08666666597127914,0.0
0.6185324192047119,0.8669178485870361,1.0,0.0,0.2052503377199173,0.28239625692367554,11.0,0.09000000357627869,0.0
0.6192901134490967,0.8624862432479858,1.0,0.0,0.2061586230993271,0.2829025387763977,12.0,0.09333333373069763,0.0
0.4706359803676605,0.8237476944923401,1.0,0.01521987747400999,0.0,0.13808025419712067,0.0,0.09666666388511658,0.07102810591459274
0.47065269947052,0.8222442269325256,1.0,0.015376629307866096,0.0,0.1370500922203064,1.0,0.10000000149011612,0.06093376874923706
0.47040584683418274,0.8186599612236023,1.0,0.015201868489384651,0.0,0.1368611752986908,2.0,0.10333333164453506,0.04542839154601097
0.47028833627700806,0.8119421005249023,1.0,0.015270357020199299,0.0,0.13351023197174072,3.0,0.1066666692495346,0.028460178524255753
0.4707351326942444,0.8080562353134155,1.0,0.016251688823103905,0.0,0.1322423666715622,4.0,0.10999999940395355,0.01986287161707878
0.4714621305465698,0.8052979707717896,1.0,0.017822546884417534,0.0,0.13127759099006653,5.0,0.1133333370089531,0.015531879849731922
0.4762219190597534,0.7930861711502075,1.0,0.019187936559319496,0.0,0.13288892805576324,6.0,0.11666666716337204,0.011450361460447311
0.47659236192703247,0.7906147241592407,1.0,0.01973663456737995,0.0,0.13366006314754486,7.0,0.11999999731779099,0.007422078400850296
0.47709324955940247,0.7870677709579468,1.0,0.020810864865779877,0.0,0.1326826959848404,8.0,0.12333333492279053,0.0038216523826122284
0.4691118001937866,0.7820156812667847,1.0,0.04934919252991676,0.0,0.087258480489254,0.0,0.12666666507720947,0.06998618692159653
0.46926769614219666,0.7791750431060791,1.0,0.049762215465307236,0.0,0.0867374986410141,1.0,0.12999999523162842,0.06031665951013565
0.6540391445159912,1.0,0.6372053027153015,0.06894812732934952,0.0,0.12164819985628128,2.0,0.13333334028720856,0.04212263971567154
0.6549149751663208,1.0,0.6387252807617188,0.07005438953638077,0.0,0.122870072722435,3.0,0.1366666704416275,0.02798996865749359
0.6605799794197083,1.0,0.6419624090194702,0.07047905772924423,0.0,0.12297944724559784,4.0,0.14000000059604645,0.019127413630485535
0.6685841679573059,1.0,0.4417056441307068,0.07188843190670013,0.0,0.12584294378757477,5.0,0.1433333307504654,0.012994246557354927
0.6726358532905579,1.0,0.43744930624961853,0.07305918633937836,0.0,0.12643684446811676,6.0,0.14666666090488434,0.008837557397782803
0.6747756004333496,1.0,0.43882623314857483,0.07263345271348953,0.0,0.12457284331321716,7.0,0.15000000596046448,0.004968553781509399
0.6765897274017334,1.0,0.43544265627861023,0.07367091625928879,0.0,0.1255701333284378,8.0,0.15333333611488342,0.0011613834649324417
0.6817800402641296,1.0,0.3331122100353241,0.07322405278682709,0.0,0.12653383612632751,9.0,0.15666666626930237,0.0
0.6855921745300293,1.0,0.31967511773109436,0.07453528046607971,0.0,0.1284138709306717,10.0,0.1599999964237213,0.0
0.686255931854248,1.0,0.3186328709125519,0.07468565553426743,0.0,0.1276915818452835,11.0,0.16333332657814026,0.0
0.693098247051239,1.0,0.30652865767478943,0.07795815914869308,0.0,0.12823231518268585,12.0,0.1666666716337204,0.0
0.6941918134689331,1.0,0.292339563369751,0.07889191061258316,0.0,0.1281743347644806,13.0,0.17000000178813934,0.0
0.6965277791023254,1.0,0.293085515499115,0.07733089476823807,0.0,0.12666849792003632,14.0,0.1733333319425583,0.0
0.6973121762275696,1.0,0.2923418879508972,0.07755991816520691,0.0,0.12781941890716553,15.0,0.17666666209697723,0.0
0.6991238594055176,1.0,0.28956401348114014,0.07775692641735077,0.0,0.1286129355430603,16.0,0.18000000715255737,0.0
0.7067584991455078,1.0,0.2914402186870575,0.08210306614637375,0.0,0.13064979016780853,17.0,0.18333333730697632,0.0
0.7115703821182251,1.0,0.2967882454395294,0.08416390419006348,0.0,0.1321326047182083,18.0,0.18666666746139526,0.0
0.7142682075500488,1.0,0.2707379162311554,0.08480426669120789,0.0,0.1335204392671585,19.0,0.1899999976158142,0.0
0.7174978852272034,1.0,0.25861650705337524,0.08617067337036133,0.0,0.13449575006961823,20.0,0.19333332777023315,0.0
0.7174978852272034,1.0,0.25861650705337524,0.08617067337036133,0.0,0.13449575006961823,21.0,0.1966666728258133,0.0
0.719390332698822,1.0,0.25666579604148865,0.08697367459535599,0.0,0.135111466050148,22.0,0.20000000298023224,0.0
0.720180094242096,1.0,0.2585856318473816,0.08787491172552109,0.0,0.13548149168491364,23.0,0.20333333313465118,0.0
0.720180094242096,1.0,0.2585856318473816,0.08787491172552109,0.0,0.13548149168491364,24.0,0.20666666328907013,0.0
0.6530501246452332,1.0,0.2701394855976105,0.27436354756355286,0.0,0.15028275549411774,0.0,0.20999999344348907,0.059416987001895905
0.6585672497749329,1.0,0.24979650974273682,0.2777239978313446,0.0,0.15305854380130768,1.0,0.2133333384990692,0.04567866772413254
0.6611253023147583,1.0,0.24287568032741547,0.27884966135025024,0.0,0.1546810120344162,2.0,0.21666666865348816,0.034532878547906876
0.662915825843811,1.0,0.25157326459884644,0.2804940342903137,0.0,0.15629729628562927,3.0,0.2199999988079071,0.023887453600764275
0.5820478796958923,1.0,0.2584789991378784,0.42458614706993103,0.0,0.12928031384944916,0.0,0.22333332896232605,0.060241080820560455
0.5826486945152283,1.0,0.25593382120132446,0.4251933693885803,0.0,0.1275106817483902,1.0,0.2266666740179062,0.04584246501326561
0.5766763687133789,1.0,0.25711700320243835,0.4391680061817169,0.0,0.11779461055994034,0.0,0.23000000417232513,0.06032323092222214
0.5794573426246643,1.0,0.25829222798347473,0.44149765372276306,0.0,0.11813132464885712,1.0,0.23333333432674408,0.04613449051976204
0.5823037028312683,1.0,0.2655599117279053,0.44385355710983276,0.0,0.12109064310789108,2.0,0.23666666448116302,0.035150669515132904
0.5837845802307129,1.0,0.26777124404907227,0.44525831937789917,0.0,0.12164504826068878,3.0,0.23999999463558197,0.02363019809126854
0.5866705179214478,1.0,0.25723445415496826,0.44765302538871765,0.0,0.12154781818389893,4.0,0.2433333396911621,0.014180564321577549
0.5905851125717163,1.0,0.26423102617263794,0.45096975564956665,0.0,0.1222134605050087,5.0,0.24666666984558105,0.009716538712382317
0.5908360481262207,1.0,0.2622622549533844,0.4511045515537262,0.0,0.12201882898807526,6.0,0.25,0.006383864209055901
0.5931152105331421,1.0,0.2605600357055664,0.4529572129249573,0.0,0.12231791764497757,7.0,0.25333333015441895,0.0034167785197496414
0.5970476865768433,1.0,0.24166403710842133,0.45630088448524475,0.0,0.12366592139005661,8.0,0.2566666603088379,0.0003201644867658615
0.5997468829154968,1.0,0.24823415279388428,0.45836493372917175,0.0,0.12431974709033966,9.0,0.25999999046325684,0.0
0.6052258610725403,1.0,0.2537919580936432,0.4634256660938263,0.0,0.12579092383384705,10.0,0.2633333206176758,0.0
0.6059165596961975,1.0,0.2537716031074524,0.4639626145362854,0.0,0.12620539963245392,11.0,0.2666666805744171,0.0
0.6068766713142395,1.0,0.25724896788597107,0.46482545137405396,0.0,0.12548714876174927,12.0,0.27000001072883606,0.0
0.6096722483634949,1.0,0.25916042923927307,0.46716758608818054,0.0,0.1263083815574646,13.0,0.273333340883255,0.0
0.6159936189651489,1.0,0.23690104484558105,0.4726385772228241,0.0,0.12699145078659058,14.0,0.27666667103767395,0.0
0.616075336933136,1.0,0.2371402382850647,0.4727008044719696,0.0,0.1264498233795166,15.0,0.2800000011920929,0.0
0.6181432008743286,1.0,0.24431312084197998,0.474496454000473,0.0,0.12521663308143616,16.0,0.28333333134651184,0.0
0.5581406354904175,1.0,0.24211597442626953,0.5510908365249634,0.0,0.20301425457000732,0.0,0.2866666615009308,0.06111333519220352
0.5627023577690125,1.0,0.2547890245914459,0.5556188225746155,0.0,0.20179373025894165,1.0,0.28999999165534973,0.04695471376180649
0.5640226602554321,1.0,0.25544247031211853,0.5569189190864563,0.0,0.20013925433158875,2.0,0.2933333218097687,0.035144392400979996
0.5664525032043457,1.0,0.2587184011936188,0.5593221187591553,0.0,0.19891835749149323,3.0,0.2966666519641876,0.02311083674430847
0.5733959078788757,1.0,0.23143459856510162,0.5662107467651367,0.0,0.2029551863670349,4.0,0.30000001192092896,0.013513069599866867
0.5743535757064819,1.0,0.2339175045490265,0.5671694278717041,0.0,0.2028387486934662,5.0,0.3033333420753479,0.00939999334514141
0.5773879289627075,1.0,0.23336119949817657,0.5701771378517151,0.0,0.20411257445812225,6.0,0.30666667222976685,0.006151197478175163
0.5776252150535583,1.0,0.23356112837791443,0.570417582988739,0.0,0.20453783869743347,7.0,0.3100000023841858,0.0032784920185804367
0.5832296013832092,1.0,0.16436250507831573,0.5759822726249695,0.0,0.20650134980678558,8.0,0.31333333253860474,0.00018274597823619843
0.5831071138381958,1.0,0.16435304284095764,0.5758554935455322,0.0,0.20610974729061127,9.0,0.3166666626930237,0.0
0.5844541192054749,1.0,0.15757513046264648,0.577193021774292,0.0,0.20698682963848114,10.0,0.3199999928474426,0.0
0.5848361849784851,1.0,0.1513204574584961,0.577565610408783,0.0,0.20745520293712616,11.0,0.3233333230018616,0.0
0.5882401466369629,1.0,0.15853652358055115,0.5809425115585327,0.0,0.20799578726291656,12.0,0.3266666531562805,0.0
0.5918195843696594,1.0,0.16453087329864502,0.5844957232475281,0.0,0.20988425612449646,13.0,0.33000001311302185,0.0
0.5972298383712769,1.0,0.16871775686740875,0.5898649096488953,0.0,0.21239012479782104,14.0,0.3333333432674408,0.0
0.5995121598243713,1.0,0.16044756770133972,0.5921223163604736,0.0,0.21015512943267822,15.0,0.33666667342185974,0.0
0.6013133525848389,1.0,0.1623949110507965,0.593912661075592,0.0,0.21324226260185242,16.0,0.3400000035762787,0.0
0.603308916091919,1.0,0.15062744915485382,0.5959060788154602,0.0,0.21346156299114227,17.0,0.34333333373069763,0.0
0.604657769203186,1.0,0.14172117412090302,0.5972410440444946,0.0,0.21293790638446808,18.0,0.3466666638851166,0.0
0.6078110337257385,1.0,0.14211991429328918,0.6003907322883606,0.0,0.2157578468322754,19.0,0.3499999940395355,0.0
0.6078110337257385,1.0,0.14211991429328918,0.6003907322883606,0.0,0.2157578468322754,20.0,0.35333332419395447,0.0
0.6143167018890381,1.0,0.10619257390499115,0.6068126559257507,0.0,0.21495552361011505,21.0,0.3566666543483734,0.0
0.6182255744934082,1.0,0.11607962846755981,0.6107015013694763,0.0,0.2150648683309555,22.0,0.36000001430511475,0.0
0.6231737732887268,1.0,0.12356843054294586,0.6156365871429443,0.0,0.2181321680545807,23.0,0.3633333444595337,0.0
0.6236945390701294,1.0,0.12239670008420944,0.6161566376686096,0.0,0.2191501408815384,24.0,0.36666667461395264,0.0
0.6308366060256958,1.0,0.0967908576130867,0.6232709884643555,0.0,0.22343245148658752,25.0,0.3700000047683716,0.0
0.6386611461639404,1.0,0.06974118947982788,0.6310592889785767,0.0,0.22966334223747253,26.0,0.3733333349227905,0.0
0.6397348046302795,1.0,0.07645384967327118,0.6321244835853577,0.0,0.22994424402713776,27.0,0.3766666650772095,0.0
0.6434606909751892,1.0,0.06948539614677429,0.6358206868171692,0.0,0.23134668171405792,28.0,0.3799999952316284,0.0
0.6464416980743408,1.0,0.07242521643638611,0.6387844681739807,0.0,0.23209626972675323,29.0,0.38333332538604736,0.0
0.6487511396408081,1.0,0.08606607466936111,0.6410647630691528,0.0,0.23212620615959167,30.0,0.3866666555404663,0.0
0.6509582996368408,1.0,0.0827101618051529,0.6432648301124573,0.0,0.23359715938568115,31.0,0.38999998569488525,0.0
0.6539069414138794,1.0,0.07733135670423508,0.6461992263793945,0.0,0.23470108211040497,32.0,0.3933333456516266,0.0
0.6588196754455566,1.0,0.0702531561255455,0.6510857343673706,0.0,0.23564323782920837,33.0,0.39666667580604553,0.0
0.6594647765159607,1.0,0.06579958647489548,0.6517252326011658,0.0,0.2361190766096115,34.0,0.4000000059604645,0.0
0.6632770895957947,1.0,0.05368952825665474,0.655504584312439,0.0,0.2356913983821869,35.0,0.4033333361148834,0.0
0.6639186143875122,1.0,0.052254434674978256,0.6561474800109863,0.0,0.23454506695270538,36.0,0.40666666626930237,0.0
0.666119396686554,1.0,0.056816328316926956,0.6583476662635803,0.0,0.2364429086446762,37.0,0.4099999964237213,0.0
0.6693298816680908,1.0,0.05510440468788147,0.6615219116210938,0.0,0.23585310578346252,38.0,0.41333332657814026,0.0
0.671137273311615,1.0,0.06212657690048218,0.6633264422416687,0.0,0.23563778400421143,39.0,0.4166666567325592,0.0
0.671137273311615,1.0,0.06212657690048218,0.6633264422416687,0.0,0.23563778400421143,40.0,0.41999998688697815,0.0
0.6757383346557617,1.0,0.06227913498878479,0.6679047346115112,0.0,0.23620115220546722,41.0,0.4233333468437195,0.0
0.6239771842956543,1.0,0.06997548043727875,0.7180237174034119,0.0,0.16677342355251312,0.0,0.4266666769981384,0.060084618628025055
0.6250339150428772,1.0,0.06868944317102432,0.7192738652229309,0.0,0.16806380450725555,1.0,0.4300000071525574,0.0479559525847435
0.6299682259559631,1.0,0.06988628208637238,0.7245391011238098,0.0,0.1674334853887558,2.0,0.4333333373069763,0.03491038829088211
0.6319999694824219,1.0,0.06763601303100586,0.7266724705696106,0.0,0.16653284430503845,3.0,0.43666666746139526,0.02357267215847969
0.6330386400222778,1.0,0.06993865221738815,0.727696418762207,0.0,0.1666911393404007,4.0,0.4399999976158142,0.01356595754623413
0.6379172205924988,1.0,0.04727974161505699,0.733138382434845,0.0,0.1667180061340332,5.0,0.44333332777023315,0.008467093110084534
0.642911970615387,1.0,0.031586747616529465,0.7385239601135254,0.0,0.16823887825012207,6.0,0.4466666579246521,0.005240540020167828
0.6484629511833191,1.0,0.007224935572594404,0.7446089386940002,0.0,0.16728222370147705,7.0,0.44999998807907104,0.0023738788440823555
0.6506618857383728,1.0,0.0016832563560456038,0.7470231056213379,0.0,0.16585682332515717,8.0,0.4533333480358124,0.0
0.6059898138046265,1.0,0.020263053476810455,0.7892793416976929,0.0,0.15764975547790527,0.0,0.4566666781902313,0.05951080471277237
0.607921302318573,1.0,0.022484086453914642,0.7914960980415344,0.0,0.15943890810012817,1.0,0.46000000834465027,0.04842637479305267
0.6122154593467712,1.0,0.027229731902480125,0.7961763739585876,0.0,0.15947741270065308,2.0,0.4633333384990692,0.03460831195116043
0.6138463616371155,1.0,0.02188750170171261,0.7978449463844299,0.0,0.16017772257328033,3.0,0.46666666865348816,0.023552119731903076
0.6163219213485718,1.0,0.021847672760486603,0.8006724715232849,0.0,0.1595790982246399,4.0,0.4699999988079071,0.013400333002209663
0.6191975474357605,1.0,0.015481549315154552,0.8034914135932922,0.0,0.15940240025520325,5.0,0.47333332896232605,0.008273494429886341
0.6224400401115417,1.0,0.028590094298124313,0.8067208528518677,0.0,0.1583900898694992,6.0,0.476666659116745,0.004989962093532085
0.6246579885482788,1.0,0.009211395867168903,0.8094239234924316,0.0,0.15753981471061707,7.0,0.47999998927116394,0.002151958644390106
0.6250306367874146,1.0,0.009982910938560963,0.8096911311149597,0.0,0.15697240829467773,8.0,0.4833333194255829,0.0
0.6315462589263916,1.0,0.015024044550955296,0.8173151016235352,0.0,0.15669319033622742,9.0,0.4866666793823242,0.0
0.6373602151870728,1.0,0.00543407816439867,0.8235726356506348,0.0,0.15869326889514923,10.0,0.49000000953674316,0.0
0.6386269330978394,1.0,0.00234103761613369,0.8250585794448853,0.0,0.15791450440883636,11.0,0.4933333396911621,0.0
0.6459148526191711,1.0,0.0,0.8314716815948486,0.009277812205255032,0.1652224063873291,12.0,0.49666666984558105,0.0
0.6475552320480347,1.0,0.004576588980853558,0.8350863456726074,0.0,0.15896782279014587,13.0,0.5,0.0
0.6496554613113403,1.0,0.010147078894078732,0.837364673614502,0.0,0.16147463023662567,14.0,0.503333330154419,0.0
0.6527950763702393,1.0,0.015788257122039795,0.8408640027046204,0.0,0.16031643748283386,15.0,0.5066666603088379,0.0
0.656108021736145,1.0,0.010794658213853836,0.8442303538322449,0.0,0.15943190455436707,16.0,0.5099999904632568,0.0
0.6581805944442749,1.0,0.007134165149182081,0.8466421961784363,0.0,0.16006198525428772,17.0,0.5133333206176758,0.0
0.6192411184310913,1.0,0.019406720995903015,0.8924717307090759,0.0,0.17569449543952942,0.0,0.5166666507720947,0.06141476333141327
0.6239836812019348,1.0,0.006420747376978397,0.8974510431289673,0.0,0.17680460214614868,1.0,0.5199999809265137,0.05041191354393959
0.5757994651794434,1.0,0.0031946448143571615,0.9464458227157593,0.0,0.1733589768409729,0.0,0.5233333110809326,0.06114346534013748
0.5360845923423767,1.0,0.01212918758392334,0.9747289419174194,0.0,0.14654569327831268,0.0,0.5266666412353516,0.06124607473611832
0.5381054282188416,1.0,0.024395965039730072,0.9773511290550232,0.0,0.1465904414653778,1.0,0.5299999713897705,0.050388358533382416
0.5438621044158936,1.0,0.015334614552557468,0.9857021570205688,0.0,0.15156802535057068,2.0,0.5333333611488342,0.03421551734209061
0.5502675175666809,1.0,0.010063670575618744,0.9950879812240601,0.0,0.15470285713672638,3.0,0.5366666913032532,0.02415500394999981
0.5505813956260681,1.0,0.011692581698298454,0.9958750009536743,0.0,0.1546100676059723,4.0,0.5400000214576721,0.013567211106419563
0.5517398118972778,1.0,0.013009991496801376,0.9970912933349609,0.0,0.15668991208076477,5.0,0.5433333516120911,0.008008231408894062
0.5525313019752502,1.0,0.005935768596827984,0.9991843700408936,0.0,0.15753573179244995,6.0,0.54666668176651,0.0043710339814424515
0.5533846616744995,0.9973600506782532,0.008050855249166489,1.0,0.0,0.15795756876468658,7.0,0.550000011920929,0.0017446670681238174
0.561194658279419,0.9915249943733215,0.0,1.0,0.01318920124322176,0.16869524121284485,8.0,0.5533333420753479,0.0
0.5665415525436401,0.9826938509941101,0.0,1.0,0.019365999847650528,0.17332147061824799,9.0,0.5566666722297668,0.0
0.5667140483856201,0.9790428876876831,0.0,1.0,0.01837107352912426,0.17151208221912384,10.0,0.5600000023841858,0.0
0.5717813968658447,0.9774260520935059,0.0,1.0,0.03243566304445267,0.18382517993450165,11.0,0.5633333325386047,0.0
0.5717813968658447,0.9774260520935059,0.0,1.0,0.03243566304445267,0.18382517993450165,12.0,0.5666666626930237,0.0
0.5738140940666199,0.9708654880523682,0.0,1.0,0.03624839708209038,0.18691155314445496,13.0,0.5699999928474426,0.0
0.5721423029899597,0.9651402831077576,0.0,1.0,0.027908211573958397,0.17798426747322083,14.0,0.5733333230018616,0.0
0.5765854120254517,0.9569113850593567,0.0,1.0,0.03853020444512367,0.1855161339044571,15.0,0.5766666531562805,0.0
0.5776465535163879,0.9541937708854675,0.0,1.0,0.040708430111408234,0.18775475025177002,16.0,0.5799999833106995,0.0
0.5742245316505432,0.9480599164962769,0.0,1.0,0.027578499168157578,0.17647907137870789,17.0,0.5833333134651184,0.0
0.5743054151535034,0.9471127986907959,0.0,1.0,0.02784697711467743,0.17715850472450256,18.0,0.5866666436195374,0.0
0.5779717564582825,0.9447972178459167,0.0,1.0,0.03386947512626648,0.18465395271778107,19.0,0.5899999737739563,0.0
0.5773627161979675,0.9401495456695557,0.0,1.0,0.03192402049899101,0.1818327158689499,20.0,0.5933333039283752,0.0
0.5910593867301941,0.9313010573387146,0.0,1.0,0.059714920818805695,0.2054094672203064,21.0,0.596666693687439,0.0
0.5896676778793335,0.9274802803993225,0.0,1.0,0.054828841239213943,0.20125389099121094,22.0,0.6000000238418579,0.0
0.5898540616035461,0.9269758462905884,0.0,1.0,0.053851447999477386,0.20044639706611633,23.0,0.6033333539962769,0.0
0.5892265439033508,0.9247996211051941,0.0,1.0,0.050060249865055084,0.19810441136360168,24.0,0.6066666841506958,0.0
0.587955892086029,0.9233065247535706,0.0,1.0,0.04581398516893387,0.19489458203315735,25.0,0.6100000143051147,0.0
0.587955892086029,0.9233065247535706,0.0,1.0,0.04581398516893387,0.19489458203315735,26.0,0.6133333444595337,0.0
0.5876299738883972,0.9221022725105286,0.0,1.0,0.04346388578414917,0.19343602657318115,27.0,0.6166666746139526,0.0
0.5987669825553894,0.9171930551528931,0.0,1.0,0.063838429749012,0.21172760426998138,28.0,0.6200000047683716,0.0
0.5984892249107361,0.909503161907196,0.0,1.0,0.06348354369401932,0.23971505463123322,0.0,0.6233333349227905,0.060615718364715576
0.5984892249107361,0.909503161907196,0.0,1.0,0.06348354369401932,0.23971505463123322,1.0,0.6266666650772095,0.0504148006439209
0.48280754685401917,0.8671097755432129,0.0,1.0,0.0468774251639843,0.19922097027301788,0.0,0.6299999952316284,0.05770137161016464
0.449923038482666,0.8552224636077881,0.0,1.0,0.03872483968734741,0.169732928276062,0.0,0.6333333253860474,0.05707819014787674
0.4599449932575226,0.8532641530036926,0.0,1.0,0.05394912511110306,0.18258872628211975,1.0,0.6366666555404663,0.047062139958143234
0.46250399947166443,0.8512113094329834,0.0,1.0,0.05692429840564728,0.18746626377105713,2.0,0.6399999856948853,0.030652841553092003
0.3219760060310364,0.8050564527511597,0.0,1.0,0.04348032921552658,0.161985382437706,0.0,0.6433333158493042,0.05370933562517166
0.32202064990997314,0.8037065267562866,0.0,1.0,0.04241292551159859,0.16201011836528778,1.0,0.6466666460037231,0.04408244043588638
0.32102134823799133,0.8023760318756104,0.0,1.0,0.041220929473638535,0.16058103740215302,2.0,0.6499999761581421,0.027721162885427475
0.32675182819366455,0.7956727743148804,0.0,1.0,0.0446009486913681,0.16574150323867798,3.0,0.653333306312561,0.01635429635643959
0.3211590051651001,0.7913942933082581,0.0,1.0,0.03534793481230736,0.1576205939054489,4.0,0.6566666960716248,0.00936039537191391
0.3152865767478943,0.7841839790344238,0.0,1.0,0.025669781491160393,0.14976684749126434,5.0,0.6600000262260437,0.005626192316412926
0.31945183873176575,0.780592679977417,0.0,1.0,0.028783222660422325,0.15163607895374298,6.0,0.6633333563804626,0.0031309686601161957
0.3247428238391876,0.774804949760437,0.0,1.0,0.032225195318460464,0.15519917011260986,7.0,0.6666666865348816,0.0006546173244714737
0.32506492733955383,0.7712043523788452,0.0,1.0,0.030617978423833847,0.15208961069583893,8.0,0.6700000166893005,0.0
0.3309958577156067,0.7717117667198181,0.0,1.0,0.03831246867775917,0.15821820497512817,9.0,0.6733333468437195,0.0
0.32614055275917053,0.767578661441803,0.0,1.0,0.028889132663607597,0.14952321350574493,10.0,0.6766666769981384,0.0
0.3326743543148041,0.7635425925254822,0.0,1.0,0.0352199412882328,0.15401066839694977,11.0,0.6800000071525574,0.0
0.3455425202846527,0.7621166110038757,0.0,1.0,0.05140874162316322,0.16947105526924133,12.0,0.6833333373069763,0.0
0.35155966877937317,0.755785346031189,0.0,1.0,0.05682755261659622,0.175024151802063,13.0,0.6866666674613953,0.0
0.3562726378440857,0.7508858442306519,0.0,1.0,0.05977356806397438,0.177681103348732,14.0,0.6899999976158142,0.0
0.3578433394432068,0.7490673065185547,0.0,1.0,0.06249328702688217,0.17900316417217255,15.0,0.6933333277702332,0.0
0.35767030715942383,0.7488665580749512,0.0,1.0,0.061613213270902634,0.17878980934619904,16.0,0.6966666579246521,0.0
0.3655908703804016,0.7482784986495972,0.0,1.0,0.07255228608846664,0.1877957582473755,17.0,0.699999988079071,0.0
0.32158342003822327,0.7293888330459595,0.0,1.0,0.051868077367544174,0.14584040641784668,0.0,0.70333331823349,0.05283854901790619
0.3294345438480377,0.7235720753669739,0.0,1.0,0.05740897357463837,0.15250945091247559,1.0,0.7066666483879089,0.04251526668667793
0.33516955375671387,0.7211520671844482,0.0,1.0,0.061844680458307266,0.1564686894416809,2.0,0.7099999785423279,0.0268135704100132
0.3395026624202728,0.7176796197891235,0.0,1.0,0.06682676076889038,0.16272862255573273,3.0,0.7133333086967468,0.014910290017724037
0.336182564496994,0.7127707600593567,0.0,1.0,0.06134239211678505,0.16001951694488525,4.0,0.7166666388511658,0.008634352125227451
0.33234307169914246,0.7079347372055054,0.0,1.0,0.054743822664022446,0.15463639795780182,5.0,0.7200000286102295,0.005397637374699116
0.3310212790966034,0.7040904760360718,0.0,1.0,0.05369643121957779,0.15465928614139557,6.0,0.7233333587646484,0.0029517095535993576
0.3236636221408844,0.6964478492736816,0.0,1.0,0.04127458482980728,0.1432252675294876,7.0,0.7266666889190674,0.00046570785343647003
0.3238484263420105,0.6947112679481506,0.0,1.0,0.04041169583797455,0.1425963193178177,8.0,0.7300000190734863,0.0
0.32171759009361267,0.6918548941612244,0.0,1.0,0.03663324564695358,0.1414213329553604,9.0,0.7333333492279053,0.0
0.31974926590919495,0.6881731152534485,0.0,1.0,0.030574234202504158,0.13596074283123016,10.0,0.7366666793823242,0.0
0.32787689566612244,0.6855432987213135,0.0,1.0,0.03922226279973984,0.14419355988502502,11.0,0.7400000095367432,0.0
0.3314748704433441,0.6819260716438293,0.0,1.0,0.04331875592470169,0.14900892972946167,12.0,0.7433333396911621,0.0
0.3344286382198334,0.6800460815429688,0.0,1.0,0.04625258222222328,0.15072475373744965,13.0,0.746666669845581,0.0
0.3376404345035553,0.6788467168807983,0.0,1.0,0.04954412952065468,0.15422022342681885,14.0,0.75,0.0
0.33567166328430176,0.6750484108924866,0.0,1.0,0.04583417624235153,0.15140654146671295,15.0,0.753333330154419,0.0
0.33493220806121826,0.6651268005371094,0.0,1.0,0.03717884048819542,0.14825472235679626,16.0,0.7566666603088379,0.0
0.33712705969810486,0.6612650156021118,0.0,1.0,0.03764716163277626,0.15088976919651031,17.0,0.7599999904632568,0.0
0.3333434462547302,0.6504928469657898,0.0,1.0,0.028925109654664993,0.14372368156909943,18.0,0.7633333206176758,0.0
0.33117517828941345,0.6482160687446594,0.0,1.0,0.02495015598833561,0.1402949094772339,19.0,0.7666666507720947,0.0
0.3367784917354584,0.6458801627159119,0.0,1.0,0.03008558414876461,0.14682930707931519,20.0,0.7699999809265137,0.0
0.34549957513809204,0.643531084060669,0.0,1.0,0.040435198694467545,0.15714861452579498,21.0,0.7733333110809326,0.0
0.3507987856864929,0.6421841979026794,0.0,1.0,0.04684794694185257,0.16357725858688354,22.0,0.7766666412353516,0.0
0.35816824436187744,0.6422426104545593,0.0,1.0,0.05522770807147026,0.1723155528306961,23.0,0.7799999713897705,0.0
0.3710918426513672,0.6433024406433105,0.0,1.0,0.07157554477453232,0.18667636811733246,24.0,0.7833333611488342,0.0
0.30970069766044617,0.6251707673072815,0.0,1.0,0.06512041389942169,0.18032586574554443,0.0,0.7866666913032532,0.05198894441127777
0.29582101106643677,0.6157671809196472,0.0,1.0,0.06767462939023972,0.20554795861244202,0.0,0.7900000214576721,0.05167815834283829
0.2961370348930359,0.6076732277870178,0.0,1.0,0.06354984641075134,0.20467588305473328,1.0,0.7933333516120911,0.03933655470609665
0.25638386607170105,0.5982280969619751,0.0,1.0,0.058089908212423325,0.1654539555311203,0.0,0.79666668176651,0.05097103491425514
0.25804588198661804,0.5945329666137695,0.0,1.0,0.05832061171531677,0.16435134410858154,1.0,0.800000011920929,0.038507673889398575
0.2872144281864166,0.5997485518455505,0.0,1.0,0.09046978503465652,0.195302814245224,2.0,0.8033333420753479,0.02457384206354618
0.2880306541919708,0.5947637557983398,0.0,1.0,0.08901835232973099,0.1931448131799698,3.0,0.8066666722297668,0.012339861132204533
0.29157552123069763,0.5931834578514099,0.0,1.0,0.09280063956975937,0.19603662192821503,4.0,0.8100000023841858,0.007684115320444107
0.29496800899505615,0.5919674634933472,0.0,1.0,0.09544004499912262,0.19905956089496613,5.0,0.8133333325386047,0.005073066800832748
0.29496800899505615,0.5919674634933472,0.0,1.0,0.09544004499912262,0.19905956089496613,6.0,0.8166666626930237,0.002707994543015957
0.29486387968063354,0.5891981720924377,0.0,1.0,0.09508160501718521,0.19915275275707245,7.0,0.8199999928474426,0.000385921448469162
0.29486387968063354,0.5891981720924377,0.0,1.0,0.09508160501718521,0.19915275275707245,8.0,0.8233333230018616,0.0
0.3006894886493683,0.5863096117973328,0.0,1.0,0.09989923238754272,0.21710848808288574,0.0,0.8266666531562805,0.05156809091567993
0.3337511420249939,0.6002418398857117,0.0,1.0,0.14054249227046967,0.2528737187385559,1.0,0.8299999833106995,0.039826419204473495
0.33466097712516785,0.5980170369148254,0.0,1.0,0.13958728313446045,0.254055380821228,2.0,0.8333333134651184,0.02500264346599579
0.3427116572856903,0.6006916165351868,0.0,1.0,0.14863727986812592,0.26078149676322937,3.0,0.8366666436195374,0.012819204479455948
0.3447663486003876,0.5987960696220398,0.0,1.0,0.15032176673412323,0.2611828148365021,4.0,0.8399999737739563,0.007672497071325779
0.3407168388366699,0.5925706028938293,0.0,1.0,0.14330045878887177,0.25562381744384766,5.0,0.8433333039283752,0.005164927802979946
0.30100739002227783,0.5760565400123596,0.0,1.0,0.1301223337650299,0.23715487122535706,0.0,0.846666693687439,0.05131913349032402
0.22108180820941925,0.5614941120147705,0.0,1.0,0.11929718405008316,0.21901409327983856,0.0,0.8500000238418579,0.05003376305103302
0.21675120294094086,0.5556416511535645,0.0,1.0,0.11251436173915863,0.2127789855003357,1.0,0.8533333539962769,0.037153128534555435
0.24052123725414276,0.5643389225006104,0.0,1.0,0.1366266906261444,0.23440799117088318,2.0,0.8566666841506958,0.02299485355615616
0.25451985001564026,0.5624180436134338,0.0,1.0,0.1487460434436798,0.24708274006843567,3.0,0.8600000143051147,0.011132675223052502
0.24878157675266266,0.5569320321083069,0.0,1.0,0.1409711390733719,0.24135544896125793,4.0,0.8633333444595337,0.007394956424832344
0.24629366397857666,0.5534123182296753,0.0,1.0,0.1370643824338913,0.23887717723846436,5.0,0.8666666746139526,0.004930445924401283
0.24742457270622253,0.5500450134277344,0.0,1.0,0.13632681965827942,0.24028857052326202,6.0,0.8700000047683716,0.0025487812235951424
0.25411257147789,0.5511830449104309,0.0,1.0,0.1434454619884491,0.24745960533618927,7.0,0.8733333349227905,0.00023433566093444824
0.2533872723579407,0.5487139821052551,0.0,1.0,0.14122048020362854,0.2455316185951233,8.0,0.8766666650772095,0.0
0.25167757272720337,0.5468002557754517,0.0,1.0,0.1385139524936676,0.24243669211864471,9.0,0.8799999952316284,0.0
0.25608503818511963,0.547694981098175,0.0,1.0,0.14199228584766388,0.24537885189056396,10.0,0.8833333253860474,0.0
0.2559312880039215,0.5426608920097351,0.0,1.0,0.14046581089496613,0.24481543898582458,11.0,0.8866666555404663,0.0
0.257140189409256,0.5410426259040833,0.0,1.0,0.14105868339538574,0.24403588473796844,12.0,0.8899999856948853,0.0
0.26777350902557373,0.5432501435279846,0.0,1.0,0.15222269296646118,0.2542617917060852,13.0,0.8933333158493042,0.0
0.23902982473373413,0.5389318466186523,0.0,1.0,0.1489236056804657,0.238638237118721,0.0,0.8966666460037231,0.05030624940991402
0.23376330733299255,0.5362309813499451,0.0,1.0,0.14676882326602936,0.22954359650611877,0.0,0.8999999761581421,0.050272345542907715
0.2081032693386078,0.5311497449874878,0.0,1.0,0.14639100432395935,0.23022489249706268,0.0,0.903333306312561,0.04995430260896683
0.21080070734024048,0.528836190700531,0.0,1.0,0.14661157131195068,0.22990117967128754,1.0,0.9066666960716248,0.03663092106580734
0.21657419204711914,0.5305222272872925,0.0,1.0,0.15205956995487213,0.23441959917545319,2.0,0.9100000262260437,0.022481359541416168
0.22040532529354095,0.5311411619186401,0.0,1.0,0.15596936643123627,0.23873962461948395,3.0,0.9133333563804626,0.010629145428538322
0.23221702873706818,0.5288394689559937,0.0,1.0,0.1647690236568451,0.24697060883045197,4.0,0.9166666865348816,0.0072441743686795235
0.2377147376537323,0.5290981531143188,0.0,1.0,0.16926342248916626,0.2516017556190491,5.0,0.9200000166893005,0.004847398027777672
0.24906857311725616,0.5327625274658203,0.0,1.0,0.1799486130475998,0.26150646805763245,6.0,0.9233333468437195,0.002473144792020321
0.252511590719223,0.5341582894325256,0.0,1.0,0.18338757753372192,0.2641562521457672,7.0,0.9266666769981384,0.00014110282063484192
0.26073259115219116,0.5356704592704773,0.0,1.0,0.18986371159553528,0.26911136507987976,8.0,0.9300000071525574,0.0
0.261351078748703,0.5347959995269775,0.0,1.0,0.19009816646575928,0.2679709196090698,9.0,0.9333333373069763,0.0
0.27137264609336853,0.5341463685035706,0.0,1.0,0.19772560894489288,0.2737126052379608,10.0,0.9366666674613953,0.0
0.2766103744506836,0.533618152141571,0.0,1.0,0.20097576081752777,0.2764893174171448,11.0,0.9399999976158142,0.0
0.27650171518325806,0.5290495157241821,0.0,1.0,0.1981956660747528,0.2765354514122009,12.0,0.9433333277702332,0.0
0.27345672249794006,0.5236270427703857,0.0,1.0,0.1937660574913025,0.27366921305656433,13.0,0.9466666579246521,0.0
0.27938219904899597,0.5248411297798157,0.0,1.0,0.1992427110671997,0.2778569459915161,14.0,0.949999988079071,0.0
0.2821935713291168,0.5218865275382996,0.0,1.0,0.1998261958360672,0.28000107407569885,15.0,0.95333331823349,0.0
0.2928992807865143,0.5239297747612,0.0,1.0,0.21135646104812622,0.2906922996044159,16.0,0.9566666483879089,0.0
0.30480778217315674,0.5265136957168579,0.0,1.0,0.2222650945186615,0.30167245864868164,17.0,0.9599999785423279,0.0
0.304974228143692,0.5252276062965393,0.0,1.0,0.22242572903633118,0.30159956216812134,18.0,0.9633333086967468,0.0
0.30246394872665405,0.520112931728363,0.0,1.0,0.21770615875720978,0.2978615164756775,19.0,0.9666666388511658,0.0
0.3021980822086334,0.5179640650749207,0.0,1.0,0.21656900644302368,0.29666346311569214,20.0,0.9700000286102295,0.0
0.3071189224720001,0.514278769493103,0.0,1.0,0.2168537974357605,0.2998048663139343,21.0,0.9733333587646484,0.0
0.3155044615268707,0.5173784494400024,0.0,1.0,0.22564581036567688,0.30758219957351685,22.0,0.9766666889190674,0.0
0.31583747267723083,0.5151998996734619,0.0,1.0,0.2240452915430069,0.3074251711368561,23.0,0.9800000190734863,0.0
0.3191407322883606,0.5146336555480957,0.0,1.0,0.2252587080001831,0.3099808394908905,24.0,0.9833333492279053,0.0
0.330667644739151,0.5182620882987976,0.0,1.0,0.23787015676498413,0.32170289754867554,25.0,0.9866666793823242,0.0
0.33164745569229126,0.516043484210968,0.0,1.0,0.23921670019626617,0.3230513632297516,26.0,0.9900000095367432,0.0
0.3285684585571289,0.5110955834388733,0.0,1.0,0.23433788120746613,0.31813302636146545,27.0,0.9933333396911621,0.0
0.3006030321121216,0.5041303634643555,0.0,1.0,0.227785125374794,0.302435040473938,0.0,0.996666669845581,0.05145350843667984
